name,description
107年1月1日至107年1月7日資料.ods,107年1月1日至107年1月7日資料
107年1月8日至107年1月14日資料.ods,107年1月8日至107年1月14日資料
107年1月15日至107年1月21日資料.ods,107年1月15日至107年1月21日資料
107年1月22日至107年1月28日資料.ods,107年1月22日至107年1月28日資料
107年1月29日至107年2月4日資料.ods,107年1月29日至107年2月4日資料
107年2月5日至107年2月11日資料.ods,107年2月5日至107年2月11日資料
107年2月12日至107年2月18日無資料.ods,107年2月12日至107年2月18日無資料
107年2月19日至107年2月25日資料.ods,107年2月19日至107年2月25日資料
107年2月26日至107年3月4日資料.ods,107年2月26日至107年3月4日資料
107年3月5日至107年3月11日資料.ods,107年3月5日至107年3月11日資料
107年3月12日至107年3月18日資料.ods,107年3月12日至107年3月18日資料
107年3月19日至107年3月25日資料.ods,107年3月19日至107年3月25日資料
107年3月26日至107年4月1日資料.ods,107年3月26日至107年4月1日資料
107年4月2日至107年4月8日資料.ods,107年4月2日至107年4月8日資料
107年4月9日至107年4月15日資料.ods,107年4月9日至107年4月15日資料
107年4月16日至107年4月22日資料.ods,107年4月16日至107年4月22日資料
107年4月23日至107年4月29日資料.ods,107年4月23日至107年4月29日資料
107年4月30日至107年5月6日資料.ods,107年4月30日至107年5月6日資料
107年5月7日至107年5月13日資料.ods,107年5月7日至107年5月13日資料
107年5月14日至107年5月20日資料.ods,107年5月14日至107年5月20日資料
107年5月21日至107年5月27日資料.ods,107年5月21日至107年5月27日資料
107年5月28日至107年6月3日資料.ods,107年5月28日至107年6月3日資料
107年6月4日至107年6月10日資料.ods,107年6月4日至107年6月10日資料
107年6月11日至107年6月17日資料.ods,107年6月11日至107年6月17日資料
107年6月18日至107年6月24日資料.ods,107年6月18日至107年6月24日資料
107年6月25日至107年7月1日資料.ods,107年6月25日至107年7月1日資料
107年7月2日至107年7月8日資料.ods,107年7月2日至107年7月8日資料
107年7月9日至107年7月15日資料.ods,107年7月9日至107年7月15日資料
107年7月16日至107年7月22日資料.ods,107年7月16日至107年7月22日資料
107年7月23日至107年7月29日資料.ods,107年7月23日至107年7月29日資料
107年7月30日至107年8月5日資料.ods,107年7月30日至107年8月5日資料
107年8月6日至107年8月12日資料.ods,107年8月6日至107年8月12日資料
107年8月13日至107年8月19日資料.ods,107年8月13日至107年8月19日資料
107年8月20日至107年8月26日資料.ods,107年8月20日至107年8月26日資料
107年8月27日至107年9月2日資料.ods,107年8月27日至107年9月2日資料
107年9月3日至107年9月9日資料.ods,107年9月3日至107年9月9日資料
107年9月10日至107年9月16日資料.ods,107年9月10日至107年9月16日資料
107年9月17日至107年9月23日資料.ods,107年9月17日至107年9月23日資料
107年9月24日至107年9月30日資料.ods,107年9月24日至107年9月30日資料
107年10月1日至107年10月7日資料.ods,107年10月1日至107年10月7日資料
107年10月8日至107年10月14日資料.ods,107年10月8日至107年10月14日資料
107年10月15日至107年10月21日資料.ods,107年10月15日至107年10月21日資料
107年10月22日至107年10月28日資料.ods,107年10月22日至107年10月28日資料
107年10月29日至107年11月4日資料.ods,107年10月29日至107年11月4日資料
107年11月5日至107年11月11日資料.ods,107年11月5日至107年11月11日資料
107年11月12日至107年11月18日資料.ods,107年11月12日至107年11月18日資料
107年11月19日至107年11月25日資料.ods,107年11月19日至107年11月25日資料
107年11月26日至107年12月2日資料.ods,107年11月26日至107年12月2日資料
107年12月3日至107年12月9日資料.ods,107年12月3日至107年12月9日資料
107年12月10日至107年12月16日資料.ods,107年12月10日至107年12月16日資料
107年12月17日至107年12月23日資料.ods,107年12月17日至107年12月23日資料
107年12月24日至107年12月30日資料.ods,107年12月24日至107年12月30日資料
107年12月31日至108年1月6日資料.ods,107年12月31日至108年1月6日資料
108年1月7日至108年1月13日資料.ods,108年1月7日至108年1月13日資料
108年1月14日至108年1月20日資料.ods,108年1月14日至108年1月20日資料
108年1月21日至108年1月27日資料.ods,108年1月21日至108年1月27日資料
108年1月28日至108年2月3日資料.ods,108年1月28日至108年2月3日資料
108年2月4日至108年2月10日資料.ods,108年2月4日至108年2月10日資料
108年2月11日至108年2月17日資料.ods,108年2月11日至108年2月17日資料
108年2月18日至108年2月24日資料.ods,108年2月18日至108年2月24日資料
108年2月25日至108年3月3日資料.ods,108年2月25日至108年3月3日資料
108年3月4日至108年3月10日資料.ods,108年3月4日至108年3月10日資料
108年3月11日至108年3月17日資料.ods,108年3月11日至108年3月17日資料
108年3月18日至108年3月24日資料.ods,108年3月18日至108年3月24日資料
108年3月25日至108年3月31日資料.ods,108年3月25日至108年3月31日資料
108年4月1日至108年4月7日資料.ods,108年4月1日至108年4月7日資料
108年4月8日至108年4月14日資料.ods,108年4月8日至108年4月14日資料
108年4月15日至108年4月21日資料.ods,108年4月15日至108年4月21日資料
108年4月22日至108年4月28日資料.ods,108年4月22日至108年4月28日資料
108年4月29日至108年5月5日資料.ods,108年4月29日至108年5月5日資料
108年5月6日至108年5月12日資料.ods,108年5月6日至108年5月12日資料
108年5月13日至108年5月19日資料.ods,108年5月13日至108年5月19日資料
108年5月20日至108年5月26日資料.ods,108年5月20日至108年5月26日資料
108年5月27日至108年6月2日資料.ods,108年5月27日至108年6月2日資料
108年6月3日至108年6月9日資料.ods,108年6月3日至108年6月9日資料
108年6月10日至108年6月16日資料.ods,108年6月10日至108年6月16日資料
108年6月17日至108年6月23日資料.ods,108年6月17日至108年6月23日資料
108年6月24日至108年6月30日資料.ods,108年6月24日至108年6月30日資料
108年7月1日至108年7月7日資料.ods,108年7月1日至108年7月7日資料
108年7月8日至108年7月15日資料.ods,108年7月8日至108年7月15日資料
108年7月15日至108年7月21日資料.ods,108年7月15日至108年7月21日資料
108年7月22日至108年7月28日資料.ods,108年7月22日至108年7月28日資料
108年7月29日至108年8月4日資料.ods,108年7月29日至108年8月4日資料
108年8月5日至108年8月11日資料.ods,108年8月5日至108年8月11日資料
108年8月12日至108年8月18日資料.ods,108年8月12日至108年8月18日資料
108年8月19日至108年8月25日資料.ods,108年8月19日至108年8月25日資料
108年8月26日至108年9月1日資料.ods,108年8月26日至108年9月1日資料
108年9月2日至108年9月8日資料.ods,108年9月2日至108年9月8日資料
108年9月9日至108年9月15日資料.ods,108年9月9日至108年9月15日資料
108年9月16日至108年9月22日資料.ods,108年9月16日至108年9月22日資料
108年9月23日至108年9月29日資料.ods,108年9月23日至108年9月29日資料
108年9月30日至108年10月6日資料.ods,108年9月30日至108年10月6日資料
108年10月7日至108年10月13日資料.ods,108年10月7日至108年10月13日資料
108年10月14日至108年10月20日資料.ods,108年10月14日至108年10月20日資料
108年10月21日至108年10月27日資料.ods,108年10月21日至108年10月27日資料
108年10月28日至108年11月3日資料.ods,108年10月28日至108年11月3日資料
108年11月4日至108年11月10日資料.ods,108年11月4日至108年11月10日資料
108年11月11日至108年11月17日資料.ods,108年11月11日至108年11月17日資料
108年11月18日至108年11月24日資料.ods,108年11月18日至108年11月24日資料
108年11月25日至108年12月1日資料.ods,108年11月25日至108年12月1日資料
108年12月2日至108年12月8日資料.ods,108年12月2日至108年12月8日資料
108年12月9日至108年12月15日資料.ods,108年12月9日至108年12月15日資料
108年12月16日至108年12月22日資料.ods,108年12月16日至108年12月22日資料
108年12月23日至108年12月29日資料.ods,108年12月23日至108年12月29日資料
108年12月30日至109年1月5日資料.ods,108年12月30日至109年1月5日資料
109年1月6日至109年1月12日資料.ods,109年1月6日至109年1月12日資料
109年1月13日至109年1月19日資料.ods,109年1月13日至109年1月19日資料
109年1月20日至109年1月26日資料.ods,109年1月20日至109年1月26日資料
109年1月27日至109年2月2日資料.ods,109年1月27日至109年2月2日資料
109年2月3日至109年2月9日資料.ods,109年2月3日至109年2月9日資料
109年2月10日至109年2月16日資料.ods,109年2月10日至109年2月16日資料
109年2月17日至109年2月23日資料.ods,109年2月17日至109年2月23日資料
109年2月24日至109年3月1日資料.ods,109年2月24日至109年3月1日資料
109年3月2日至109年3月8日資料.ods,109年3月2日至109年3月8日資料
109年3月9日至109年3月15日資料.ods,109年3月9日至109年3月15日資料
109年3月16日至109年3月22日資料.ods,109年3月16日至109年3月22日資料
109年3月23日至109年3月29日資料.ods,109年3月23日至109年3月29日資料
109年3月30日至109年4月5日資料.ods,109年3月30日至109年4月5日資料
109年4月6日至109年4月12日資料.ods,109年4月6日至109年4月12日資料
109年4月13日至109年4月19日資料.ods,109年4月13日至109年4月19日資料
109年4月20日至109年4月26日資料.ods,109年4月20日至109年4月26日資料
109年4月27日至109年5月3日資料.ods,109年4月27日至109年5月3日資料
109年5月4日至109年5月10日資料.ods,109年5月4日至109年5月10日資料
109年5月11日至109年5月17日資料.ods,109年5月11日至109年5月17日資料
109年5月18日至109年5月24日資料.ods,109年5月18日至109年5月24日資料
109年5月25日至109年5月31日資料.ods,109年5月25日至109年5月31日資料
109年6月1日至109年6月7日資料.ods,109年6月1日至109年6月7日資料
109年6月8日至109年6月14日資料.ods,109年6月8日至109年6月14日資料
109年6月15日至109年6月21日資料.ods,109年6月15日至109年6月21日資料
109年6月22日至109年6月28日資料.ods,109年6月22日至109年6月28日資料
109年6月29日至109年7月5日資料.ods,109年6月29日至109年7月5日資料
109年7月6日至109年7月12日資料.ods,109年7月6日至109年7月12日資料
109年7月13日至109年7月19日資料.ods,109年7月13日至109年7月19日資料
109年7月20日至109年7月26日資料.ods,109年7月20日至109年7月26日資料
109年7月27日至109年8月2日資料.ods,109年7月27日至109年8月2日資料
109年8月3日至109年8月9日資料.ods,109年8月3日至109年8月9日資料
109年8月10日至109年8月16日資料.ods,109年8月10日至109年8月16日資料
109年8月17日至109年8月23日資料.ods,109年8月17日至109年8月23日資料
109年8月24日至109年8月30日資料.ods,109年8月24日至109年8月30日資料
109年8月31日至109年9月6日資料.ods,109年8月31日至109年9月6日資料
109年9月7日至109年9月13日資料.ods,109年9月7日至109年9月13日資料
109年9月14日至109年9月20日資料.ods,109年9月14日至109年9月20日資料
109年9月21日至109年9月27日資料.ods,109年9月21日至109年9月27日資料
109年9月28日至109年10月4日資料.ods,109年9月28日至109年10月4日資料
109年10月5日至109年10月11日資料.ods,109年10月5日至109年10月11日資料
109年10月12日至109年10月18日資料.ods,109年10月12日至109年10月18日資料
109年10月19日至109年10月25日資料.ods,109年10月19日至109年10月25日資料
109年10月26日至109年11月1日資料.ods,109年10月26日至109年11月1日資料
109年11月2日至109年11月8日資料.ods,109年11月2日至109年11月8日資料
109年11月9日至109年11月15日資料.ods,109年11月9日至109年11月15日資料
109年11月16日至109年11月22日資料.ods,109年11月16日至109年11月22日資料
109年11月23日至109年11月29日資料.ods,109年11月23日至109年11月29日資料
109年11月30日至109年12月6日資料.ods,109年11月30日至109年12月6日資料
109年12月7日至109年12月13日資料.ods,109年12月7日至109年12月13日資料
109年12月14日至109年12月20日資料.ods,109年12月14日至109年12月20日資料
109年12月21日至109年12月27日資料.ods,109年12月21日至109年12月27日資料
109年12月28日至110年1月3日資料.ods,109年12月28日至110年1月3日資料
110年1月4日至110年1月10日資料.ods,110年1月4日至110年1月10日資料
110年1月11日至110年1月17日資料.ods,110年1月11日至110年1月17日資料
110年1月18日至110年1月24日資料.ods,110年1月18日至110年1月24日資料
110年1月25日至110年1月31日資料.ods,110年1月25日至110年1月31日資料
110年2月1日至110年2月7日資料.ods,110年2月1日至110年2月7日資料
110年2月8日至110年2月14日資料.ods,110年2月8日至110年2月14日資料
110年2月15日至110年2月21日資料.ods,110年2月15日至110年2月21日資料
110年2月22日至110年2月28日資料.ods,110年2月22日至110年2月28日資料
110年3月1日至110年3月7日資料.ods,110年3月1日至110年3月7日資料
110年3月8日至110年3月14日資料.ods,110年3月8日至110年3月14日資料
110年3月15日至110年3月21日資料.ods,110年3月15日至110年3月21日資料
110年3月22日至110年3月28日資料.ods,110年3月22日至110年3月28日資料
110年3月29日至110年4月4日資料.ods,110年3月29日至110年4月4日資料
110年4月5日至110年4月11日資料.ods,110年4月5日至110年4月11日資料
110年4月12日至110年4月18日資料.ods,110年4月12日至110年4月18日資料
110年4月19日至110年4月25日資料.ods,110年4月19日至110年4月25日資料
110年4月26日至110年5月2日資料.ods,110年4月26日至110年5月2日資料
110年5月3日至110年5月9日資料.ods,110年5月3日至110年5月9日資料
110年5月10日至110年5月16日資料.ods,110年5月10日至110年5月16日資料
110年5月17日至110年5月23日資料.ods,110年5月17日至110年5月23日資料
110年5月24日至110年5月30日資料.ods,110年5月24日至110年5月30日資料
110年5月31日至110年6月6日資料.ods,110年5月31日至110年6月6日資料
110年6月7日至110年6月13日資料.ods,110年6月7日至110年6月13日資料
110年6月14日至110年6月20日資料.ods,110年6月14日至110年6月20日資料
110年6月21日至110年6月27日資料.ods,110年6月21日至110年6月27日資料
110年6月28日至110年7月4日資料.ods,110年6月28日至110年7月4日資料
110年7月5日至110年7月11日資料.ods,110年7月5日至110年7月11日資料
110年7月12日至110年7月18日資料.ods,110年7月12日至110年7月18日資料
110年7月19日至110年7月25日資料.ods,110年7月19日至110年7月25日資料
110年7月26日至110年8月1日資料.ods,110年7月26日至110年8月1日資料
110年8月2日至110年8月8日資料.ods,110年8月2日至110年8月8日資料
110年8月9日至110年8月15日資料.ods,110年8月9日至110年8月15日資料
110年8月16日至110年8月22日資料.ods,110年8月16日至110年8月22日資料
110年8月23日至110年8月29日資料.ods,110年8月23日至110年8月29日資料
110年8月30日至110年9月5日資料.ods,110年8月30日至110年9月5日資料
110年9月6日至110年9月12日資料.ods,110年9月6日至110年9月12日資料
110年9月13日至110年9月19日資料.ods,110年9月13日至110年9月19日資料
110年9月20日至110年9月26日資料.ods,110年9月20日至110年9月26日資料
110年9月27日至110年10月3日資料.ods,110年9月27日至110年10月3日資料
110年10月4日至110年10月10日資料.ods,110年10月4日至110年10月10日資料
110年10月11日至110年10月17日資料.ods,110年10月11日至110年10月17日資料
110年10月18日至110年10月24日資料.ods,110年10月18日至110年10月24日資料
110年10月25日至110年10月31日資料.ods,110年10月25日至110年10月31日資料
110年11月1日至110年11月7日資料.ods,110年11月1日至110年11月7日資料
110年11月8日至110年11月14日資料.ods,110年11月8日至110年11月14日資料
110年11月15日至110年11月21日資料.ods,110年11月15日至110年11月21日資料
110年11月22日至110年11月28日資料.ods,110年11月22日至110年11月28日資料
110年11月29日至110年12月5日資料.ods,110年11月29日至110年12月5日資料
110年12月6日至110年12月12日資料.ods,110年12月6日至110年12月12日資料
110年12月13日至110年12月19日資料.ods,110年12月13日至110年12月19日資料
110年12月20日至110年12月26日資料.ods,110年12月20日至110年12月26日資料
110年12月26日至111年1月2日資料.ods,110年12月26日至111年1月2日資料
111年1月3日至111年1月9日資料.ods,111年1月3日至111年1月9日資料
111年1月10日至111年1月16日資料.ods,111年1月10日至111年1月16日資料
111年1月17日至111年1月23日資料.ods,111年1月17日至111年1月23日資料
111年1月24日至111年1月30日資料.ods,111年1月24日至111年1月30日資料
111年1月31日至111年2月6日資料.ods,111年1月31日至111年2月6日資料
111年2月7日至111年2月13日資料.ods,111年2月7日至111年2月13日資料
111年2月14日至111年2月20日資料.ods,111年2月14日至111年2月20日資料
111年2月21日至111年2月27日資料.ods,111年2月21日至111年2月27日資料
111年2月28日至111年3月6日資料.ods,111年2月28日至111年3月6日資料
111年3月7日至111年3月13日資料.ods,111年3月7日至111年3月13日資料
111年3月14日至111年3月20日資料.ods,111年3月14日至111年3月20日資料
111年3月21日至111年3月27日資料.ods,111年3月21日至111年3月27日資料
111年3月28日至111年4月3日資料.ods,111年3月28日至111年4月3日資料
111年4月4日至111年4月10日資料.ods,111年4月4日至111年4月10日資料
111年4月11日至111年4月17日資料.ods,111年4月11日至111年4月17日資料
111年4月18日至111年4月24日資料.ods,111年4月18日至111年4月24日資料
111年4月25日至111年5月1日資料.ods,111年4月25日至111年5月1日資料
111年5月2日至111年5月8日資料.ods,111年5月2日至111年5月8日資料
111年5月9日至111年5月15日資料.ods,111年5月9日至111年5月15日資料
111年5月16日至111年5月22日資料.ods,111年5月16日至111年5月22日資料
111年5月23日至111年5月29日資料.ods,111年5月23日至111年5月29日資料
111年5月30日至111年6月5日資料.ods,111年5月30日至111年6月5日資料
111年6月6日至111年6月12日資料.ods,111年6月6日至111年6月12日資料
111年6月13日至111年6月19日資料.ods,111年6月13日至111年6月19日資料
111年6月20日至111年6月26日資料.ods,111年6月20日至111年6月26日資料
111年6月27日至111年7月3日資料.ods,111年6月27日至111年7月3日資料
111年7月4日至111年7月10日資料.ods,111年7月4日至111年7月10日資料
111年7月11日至111年7月17日資料.ods,111年7月11日至111年7月17日資料
111年7月18日至111年7月24日資料.ods,111年7月18日至111年7月24日資料
111年7月25日至111年7月31日資料.ods,111年7月25日至111年7月31日資料
111年8月1日至111年8月7日資料.ods,111年8月1日至111年8月7日資料
111年8月8日至111年8月14日資料.ods,111年8月8日至111年8月14日資料
111年8月15日至111年8月21日資料.ods,111年8月15日至111年8月21日資料
111年8月22日至111年8月28日資料.ods,111年8月22日至111年8月28日資料
111年8月29日至111年9月4日資料.ods,111年8月29日至111年9月4日資料
111年9月5日至111年9月11日資料.ods,111年9月5日至111年9月11日資料
111年9月12日至111年9月18日資料.ods,111年9月12日至111年9月18日資料
111年9月19日至111年9月25日資料.ods,111年9月19日至111年9月25日資料
111年9月26日至111年10月2日資料.ods,111年9月26日至111年10月2日資料
111年10月3日至111年10月9日資料.ods,111年10月3日至111年10月9日資料
111年10月10日至111年10月16日資料.ods,111年10月10日至111年10月16日資料
111年10月17日至111年10月23日資料.ods,111年10月17日至111年10月23日資料
111年10月24日至111年10月30日資料.ods,111年10月24日至111年10月30日資料
111年10月31日至111年11月6日資料.ods,111年10月31日至111年11月6日資料
111年11月7日至111年11月13日資料.ods,111年11月7日至111年11月13日資料
111年11月14日至111年11月20日資料.ods,111年11月24日至111年11月20日資料
111年11月21日至111年11月27日資料.ods,111年11月21日至111年11月27日資料
111年11月28日至111年12月4日資料.ods,111年11月28日至111年12月4日資料
111年12月5日至111年12月11日資料.ods,111年12月5日至111年12月11日資料
111年12月12日至111年12月18日資料.ods,111年12月12日至111年12月18日資料
111年12月19日至111年12月25日資料.ods,111年12月19日至111年12月25日資料
111年12月26日至112年1月1日資料.ods,111年12月26日至112年1月1日資料
112年1月2日至112年1月8日資料.ods,112年1月2日至112年1月8日資料
112年1月9日至112年1月15日資料.ods,112年1月9日至112年1月15日資料
112年1月23日至112年1月29日資料.ods,112年1月23日至112年1月29日資料
112年1月30日至112年2月5日資料.ods,112年1月30日至112年2月5日資料
112年2月6日至112年2月12日資料.ods,112年2月6日至112年2月12日資料
112年2月13日至112年2月19日資料.ods,112年2月13日至112年2月19日資料
112年2月20日至112年2月26日資料.ods,112年2月20日至112年2月26日資料
112年2月27日至112年3月5日資料.ods,112年2月27日至112年3月5日資料
112年3月6日至112年3月12日資料.ods,112年3月6日至112年3月12日資料
112年3月13日至112年3月19日資料.ods,112年3月13日至112年3月19日資料
112年3月20日至112年3月26日資料.ods,112年3月20日至112年3月26日資料
112年3月27日至112年4月2日資料.ods,112年3月27日至112年4月2日資料
112年4月3日至112年4月9日資料.ods,112年4月3日至112年4月9日資料
112年4月10日至112年4月16日資料.ods,112年4月10日至112年4月16日資料
112年4月17日至112年4月23日資料.ods,112年4月17日至112年4月23日資料
112年4月24日至112年5月1日資料.ods,112年4月24日至112年5月1日資料
112年5月2日至112年5月7日資料.ods,112年5月2日至112年5月7日資料
112年5月8日至112年5月14日資料.ods,112年5月8日至112年5月14日資料
112年5月15日至112年5月21日資料.ods,112年5月15日至112年5月21日資料
112年5月22日至112年5月28日資料.ods,112年5月22日至112年5月28日資料
112年5月29日至112年6月4日資料.ods,112年5月29日至112年6月4日資料
112年6月5日至112年6月11日資料.ods,112年6月5日至112年6月11日資料
112年6月12日至112年6月18日資料.ods,112年6月12日至112年6月18日資料
112年6月19日至112年6月25日資料.ods,112年6月19日至112年6月25日資料
112年6月26日至112年7月2日資料.ods,112年6月26日至112年7月2日資料
112年7月3日至112年7月9日資料.ods,112年7月3日至112年7月9日資料
112年7月10日至112年7月16日資料.ods,112年7月10日至112年7月16日資料
112年7月17日至112年7月23日資料.ods,112年7月17日至112年7月23日資料
112年7月24日至112年7月30日資料.ods,112年7月24日至112年7月30日資料
112年7月31日至112年8月6日資料.ods,112年7月31日至112年8月6日資料
112年8月7日至112年8月13日資料.ods,112年8月7日至112年8月13日資料
112年8月14日至112年8月20日資料.ods,112年8月14日至112年8月20日資料
112年8月21日至112年8月27日資料.ods,112年8月21日至112年8月27日資料
112年8月28日至112年9月3日資料.ods,112年8月28日至112年9月3日資料
112年9月4日至112年9月10日資料.ods,112年9月4日至112年9月10日資料
112年9月11日至112年9月17日資料.ods,112年9月11日至112年9月17日資料
112年9月18日至112年9月24日資料.ods,112年9月18日至112年9月24日資料
112年9月25日至112年10月1日資料.ods,112年9月25日至112年10月1日資料
112年10月2日至112年10月8日資料.ods,112年10月2日至112年10月8日資料
112年10月9日至112年10月15日資料.ods,112年10月9日至112年10月15日資料
112年10月16日至112年10月22日資料.ods,112年10月16日至112年10月22日資料
112年10月23日至112年10月29日資料.ods,112年10月23日至112年10月29日資料
112年10月30日至112年11月5日資料.ods,112年10月30日至112年11月5日資料
112年11月6日至112年11月12日資料.ods,112年11月6日至112年11月12日資料
112年11月13日至112年11月19日資料.ods,112年11月13日至112年11月19日資料
112年11月20日至112年11月26日資料.ods,112年11月20日至112年11月26日資料
112年11月27日至112年12月3日資料.ods,112年11月27日至112年12月3日資料
112年12月4日至112年12月10日資料.ods,112年12月4日至112年12月10日資料
112年12月11日至112年12月17日資料.ods,112年12月11日至112年12月17日資料
112年12月18日至112年12月24日資料.ods,112年12月18日至112年12月24日資料
112年12月25日至112年12月31日資料.ods,112年12月25日至112年12月31日資料
113年1月1日至113年1月7日資料.ods,113年1月1日至113年1月7日資料
113年1月8日至113年1月14日資料.ods,113年1月8日至113年1月14日資料
113年1月15日至113年1月21日資料.ods,113年1月15日至113年1月21日資料
113年1月22日至113年1月28日資料.ods,113年1月22日至113年1月28日資料
113年1月29日至113年2月4日資料.ods,113年1月29日至113年2月4日資料
113年2月5日至113年2月11日資料.ods,113年2月5日至113年2月11日資料
113年2月12日至113年2月18日資料.ods,113年2月12日至113年2月18日資料
113年2月19日至113年2月25日資料.ods,113年2月19日至113年2月25日資料
113年2月26日至113年3月3日資料.ods,113年2月26日至113年3月3日資料
113年3月4日至113年3月10日資料.ods,113年3月4日至113年3月10日資料
113年3月11日至113年3月17日資料.ods,113年3月11日至113年3月17日資料
113年3月18日至113年3月24日資料.ods,113年3月18日至113年3月24日資料
113年3月25日至113年3月31日資料.ods,113年3月25日至113年3月31日資料
113年4月1日至113年4月7日資料.ods,113年4月1日至113年4月7日資料
113年4月8日至113年4月14日資料.ods,113年4月8日至113年4月14日資料
113年4月15日至113年4月21日資料.ods,113年4月15日至113年4月21日資料
113年4月22日至113年4月28日資料.ods,113年4月22日至113年4月28日資料
113年4月29日至113年5月5日資料.ods,113年4月29日至113年5月5日資料
113年5月6日至113年5月12日資料.ods,113年5月6日至113年5月12日資料
113年5月20日至113年5月26日資料.ods,113年5月20日至113年5月26日資料
113年5月27日至113年6月2日資料.ods,113年5月27日至113年6月2日資料
113年6月3日至113年6月9日資料.ods,113年6月3日至113年6月9日資料
113年6月10日至113年6月16日資料.ods,113年6月10日至113年6月16日資料
113年6月17日至113年6月23日資料.ods,113年6月17日至113年6月23日資料
113年6月24日至113年6月30日資料.ods,113年6月24日至113年6月30日資料
113年7月1日至113年7月7日資料.ods,113年7月1日至113年7月7日資料
113年7月8日至113年7月14日資料.ods,113年7月8日至113年7月14日資料
113年7月15日至113年7月21日資料.ods,113年7月15日至113年7月21日資料
113年7月22日至113年7月28日資料.ods,113年7月22日至113年7月28日資料
113年7月29日至113年8月4日資料.ods,113年7月29日至113年8月4日資料
113年8月5日至113年8月11日資料.ods,113年8月5日至113年8月11日資料
113年8月12日至113年8月18日資料.ods,113年8月12日至113年8月18日資料
113年8月19日至113年8月25日資料.ods,113年8月19日至113年8月25日資料
113年8月26日至113年9月1日資料.ods,113年8月26日至113年9月1日資料
113年9月2日至113年9月9日資料.ods,113年9月2日至113年9月9日資料
113年9月9日至113年9月15日資料.ods,113年9月9日至113年9月15日資料
113年9月16日至113年9月22日資料.ods,113年9月16日至113年9月22日資料
113年9月23日至113年9月29日資料.ods,113年9月23日至113年9月29日資料
113年9月30日至113年10月6日資料.ods,113年9月30日至113年10月6日資料
113年10月7日至113年10月13日資料.ods,113年10月7日至113年10月13日資料
113年10月14日至113年10月20日資料.ods,113年10月14日至113年10月20日資料
113年10月21日至113年10月27日資料.ods,113年10月21日至113年10月27日資料
113年10月28日至113年11月3日資料.ods,113年10月28日至113年11月3日資料
113年11月4日至113年11月10日資料.ods,113年11月4日至113年11月10日資料
113年11月11日至113年11月17日資料.ods,113年11月11日至113年11月17日資料
113年11月18日至113年11月24日資料.ods,113年11月18日至113年11月24日資料
113年11月25日至113年12月1日資料.ods,113年11月25日至113年12月1日資料
113年12月2日至113年12月8日資料.ods,113年12月2日至113年12月8日資料
113年12月9日至113年12月15日資料.ods,113年12月9日至113年12月15日資料
113年12月16日至113年12月22日資料.ods,113年12月16日至113年12月22日資料
113年12月23日至113年12月29日資料.ods,113年12月23日至113年12月29日資料
113年12月30日至114年1月5日資料.ods,113年12月30日至114年1月5日資料
114年1月6日至114年1月12日資料.ods,114年1月6日至114年1月12日資料
114年1月13日至114年1月19日資料.ods,114年1月13日至114年1月19日資料
114年1月20日至114年1月26日資料.ods,114年1月20日至114年1月26日資料
114年1月27日至114年2月2日資料.ods,114年1月27日至114年2月2日資料
114年2月3日至114年2月9日資料.ods,114年2月3日至114年2月9日資料
114年2月10日至114年2月16日資料.ods,114年2月10日至114年2月16日資料
114年2月17日至114年2月23日資料.ods,114年2月17日至114年2月23日資料
114年2月24日至114年3月2日資料.ods,114年2月24日至114年3月2日資料
114年3月3日至114年3月9日資料.ods,114年3月3日至114年3月9日資料
114年3月10日至114年3月16日資料.ods,114年3月10日至114年3月16日資料
114年3月17日至114年3月23日資料.ods,114年3月17日至114年3月23日資料
114年3月24日至114年3月30日資料.ods,114年3月24日至114年3月30日資料
114年3月31日至114年4月6日資料.ods,114年3月31日至114年4月6日資料
114年4月7日至114年4月13日資料.ods,114年4月7日至114年4月13日資料
114年4月14日至114年4月20日資料.ods,114年4月14日至114年4月20日資料
114年4月21日至114年4月27日資料.ods,114年4月21日至114年4月27日資料
114年4月28日至114年5月4日資料.ods,114年4月28日至114年5月4日資料
114年5月5日至114年5月11日資料.ods,114年5月5日至114年5月11日資料
114年5月12日至114年5月18日資料.ods,114年5月12日至114年5月18日資料
114年5月19日至114年5月25日資料.ods,114年5月19日至114年5月25日資料
114年5月26日至114年6月1日資料.ods,114年5月26日至114年6月1日資料
114年6月2日至114年6月8日資料.ods,114年6月2日至114年6月8日資料
114年6月9日至114年6月16日資料.ods,114年6月9日至114年6月15日資料
114年6月16日至114年6月22日資料.ods,114年6月16日至114年6月22日資料
114年6月23日至114年6月29日資料.ods,114年6月23日至114年6月29日資料
114年6月30日至114年7月6日資料.ods,114年6月30日至114年7月6日資料
114年7月7日至114年7月13日資料.ods,114年7月7日至114年7月13日資料
114年7月14日至114年7月20日資料.ods,114年7月14日至114年7月20日資料
114年7月21日至114年7月27日資料.ods,114年7月21日至114年7月27日資料
114年7月28日至114年8月3日資料.ods,114年7月28日至114年8月3日資料
114年8月4日至114年8月10日資料.ods,114年8月4日至114年8月10日資料
114年8月11日至114年8月17日資料.ods,114年8月11日至114年8月17日資料
114年8月18日至114年8月24日資料.ods,114年8月18日至114年8月24日資料
114年8月25日至114年8月31日資料.ods,114年8月25日至114年8月31日資料
114年9月1日至114年9月7日資料.ods,114年9月1日至114年9月7日資料
114年9月8日至114年9月14日資料.ods,114年9月8日至114年9月14日資料
114年9月15日至114年9月21日資料.ods,114年9月15日至114年9月21日資料
114年9月22日至114年9月28日資料.ods,114年9月22日至114年9月28日資料
114年9月29日至114年10月5日資料.ods,114年9月29日至114年10月5日資料
114年10月6日至114年10月12日資料.ods,114年10月6日至114年10月12日資料
114年10月13日至114年10月19日資料.ods,114年10月13日至114年10月19日資料
114年10月20日至114年10月26日資料.ods,114年10月20日至114年10月26日資料
114年10月27日至114年11月2日資料.ods,114年10月27日至114年11月2日資料
114年11月3日至114年11月9日資料.ods,114年11月3日至114年11月9日資料
114年11月10日至114年11月16日資料.ods,114年11月10日至114年11月16日資料